{"cameraMode":{"drawMode":0,"name":"Shaded","section":"Shading Mode"},"sceneLighting":true,"audioPlay":false,"sceneViewState":{"m_AlwaysRefresh":false,"showFog":true,"showSkybox":true,"showFlares":true,"showImageEffects":true,"showParticleSystems":true,"showVisualEffectGraphs":true,"m_FxEnabled":true},"in2DMode":false,"pivot":{"x":0.10030625015497208,"y":0.5437876582145691,"z":-22.907148361206056},"rotation":{"x":-0.005480349063873291,"y":-0.12510766088962556,"z":-0.00029634215752594173,"w":-0.9923297166824341},"size":2.719907760620117,"orthographic":true}